INSERT INTO `institution` (`id`, `name`, `status`) VALUES
(1, 'Preceptor Educação a Distância', 'active');

INSERT INTO `configuration` (`id`, `institution_id`, `name`, `value`, `autoload`) VALUES
(1, 1, 'tri_resources', '{"default":{"index":{"index":"all","return":"all","keep-session":"identified"},"dashboard":{"index":"identified"},"user":{"index":"identified","edit":"identified","form":"all","save":"all","login":"all","logout":"identified","forgot":"identified","view":"identified"},"course":{"view":"all"},"classroom":{"view":"identified","select":"all","sign":"identified"},"static":{"js":"all","css":"all","img":"all"},"error":{"error":"all"},"forgot":{"index":"all","send":"all","save":"all","recovery":"all"}},"admin":{"index":{"index":"institution"},"course":{"index":"institution","form":"institution","save":"institution"},"acl":{"save":"institution","index":"institution","add":"institution"},"plugin":{"index":"institution","activate":"institution","desactivate":"institution"},"classroom":{"index":"institution","form":"institution","list-user":"institution","matriculate":"institution","save":"institution"},"user":{"index":"institution","form":"institution","save":"institution"},"theme":{"index":"institution","save":"institution"}},"exercise":{"question":{"organizer":"teacher, coordinator, institution","alter-note":"teacher, coordinator, institution","index":"teacher, coordinator, institution","save":"teacher, coordinator, institution","delete":"teacher, coordinator, institution","organizersave":"teacher, coordinator, institution","form":"teacher, coordinator, institution","types":"teacher, coordinator, institution","save-relation":"teacher, coordinator, institution","delete-relation":"teacher, coordinator, institution","bank-question":"teacher, coordinator, institution","selected-question":"teacher, coordinator, institution"},"exercise":{"save-organizer":"teacher, coordinator, institution","organizer":"teacher, coordinator, institution","view-exercise":"teacher, coordinator, institution"},"reply":{"students-evaluated":"teacher, coordinator, institution","index":"identified","save":"identified","view":"identified"},"index":{"index":"identified","view":"identified","form":"teacher, coordinator, institution","save":"teacher, coordinator, institution","delete":"teacher, coordinator, institution"},"correct":{"index":"teacher, coordinator, institution","view":"teacher, coordinator, institution","savenote":"teacher, coordinator, institution"}},"content":{"index":{"view":"identified"},"print":{"index":"identified","view":"identified"},"composer":{"index":"teacher, coordinator, institution","form":"teacher, coordinator, institution","save":"teacher, coordinator, institution","delete":"teacher, coordinator, institution"},"organizer":{"index":"teacher, coordinator, institution","save":"teacher, coordinator, institution"},"restriction":{"form":"teacher, coordinator, institution","delete":"teacher, coordinator, institution","save":"teacher, coordinator, institution","index":"teacher, coordinator, institution"},"file":{"form":"teacher, coordinator, institution","delete":"teacher, coordinator, institution","save":"teacher, coordinator, institution","index":"teacher, coordinator, institution","download":"teacher, coordinator, institution"},"template":{"form":"teacher, coordinator, institution","delete":"teacher, coordinator, institution","save":"teacher, coordinator, institution","index":"teacher, coordinator, institution"}},"faq":{"index":{"index":"identified","form":"teacher, coordinator, institution","save":"teacher, coordinator, institution","delete":"teacher, coordinator, institution"}},"activity":{"index":{"index":"identified","form":"teacher, coordinator, institution","save":"teacher, coordinator, institution","view":"identified"},"text":{"save":"identified","index":"identified","view":"identified"},"correct":{"index":"teacher, coordinator, institution","save":"teacher, coordinator, institution"}},"file":{"index":{"index":"identified","download":"identified","form":"teacher, coordinator, institution","save":"teacher, coordinator, institution","delete":"teacher, coordinator, institution"}},"glossary":{"index":{"index":"identified","form":"teacher, coordinator, institution","save":"teacher, coordinator, institution","delete":"teacher, coordinator, institution"}},"notepad":{"index":{"index":"identified","form":"teacher, coordinator, institution","save":"teacher, coordinator, institution","delete":"teacher, coordinator, institution"}},"panel":{"index":{"index":"identified","form":"teacher, coordinator, institution","save":"teacher, coordinator, institution","delete":"teacher, coordinator, institution","find":"teacher, coordinator, institution","save-note":"teacher, coordinator, institution","change":"teacher, coordinator, institution"},"certificate":{"save":"teacher, coordinator, institution","emit":"teacher, coordinator, institution","validate":"all"}},"forum":{"index":{"index":"identified","form":"teacher, coordinator, institution","save":"teacher, coordinator, institution","delete":"teacher, coordinator, institution","view":"identified"},"reply":{"index":"identified","form":"teacher, coordinator, institution","save":"identified","delete":"teacher, coordinator, institution","subscribe":"identified"},"subscribe":{"in":"identified","out":"identified"}},"chat":{"chat":{"index":"identified","form":"identified","save":"identified","find":"identified"},"room":{"index":"identified","form":"teacher, coordinator, institution","save":"teacher, coordinator, institution","delete":"teacher, coordinator, institution","live":"identified","live-save":"identified","view":"identified"}},"message":{"index":{"index":"identified","view":"identified","save":"identified","delete":"identified","sent":"identified","form":"identified"}},"calendar":{"index":{"index":"identified","form":"teacher, coordinator, institution","save":"teacher, coordinator, institution","delete":"teacher, coordinator, institution"}},"theme":{"index":{"index":"institution","save":"institution"}},"page":{"index":{"index":"teacher, coordinator, institution","view":"all","form":"teacher, coordinator, institution","save":"teacher, coordinator, institution","delete":"teacher, coordinator, institution"}},"selection-process":{"index":{"index":"identified","matriculate":"teacher, coordinator, institution","reject":"teacher, coordinator, institution","view":"identified","sign":"identified"}}}', 0),
(2, 1, 'tri_classroom_menu', '{"communication":{"forum":"forum.index.index","message":"message.index.index","chat":"chat.room.index"},"creation":{"content":"content.composer.index","organizer":"content.organizer.index","database-file":"content.file.index","template":"content.template.index"},"support":{"faq":"faq.index.index","file":"file.index.index","glossary":"glossary.index.index","notepad":"notepad.index.index"},"evaluation":{"exercise":"exercise.index.index","activity":"activity.index.index","panel":"panel.index.index"}}', 0),
(3, 1, 'tri_upload_dir', 'APPLICATION_PATH/../public/upload/', 0),
(4, 1, 'tri_app_charset', 'utf-8', 0),
(5, 1, 'tri_payment', 'true', 0),
(6, 1, 'tri_theme', 'core', 0),
(7, 1, 'tri_average', '7', 0),
(8, 1, 'tri_attempts', '3', 0),
(9, 1, 'tri_new_user_to_guest', '1', 0),
(10, 1, 'mail', '{"transport":{"type":"Smtp","auth":"login","host":"mail.espacoead.com.br","username":"sistema+espacoead.com.br","password":"53V%Vd*C3y{L"},"defaultfrom":{"email":"sistema@espacoead.com.br","name":"Trilhas"}}', 1),
(17, 1, 'cachemanager', '{"default":{"frontend":{"name":"Core","options":{"automatic_serialization":"1"}},"backend":{"name":"File","options":{"cache_dir":"\\/Users\\/abdalacerqueira\\/Sites\\/trilhas\\/application\\/..\\/data\\/cache\\/"}}}}', 1),
(21, 1, 'locale', '{"default":"pt_BR"}', 1),
(22, 1, 'translate', '{"adapter":"csv","data":"\\/Users\\/abdalacerqueira\\/Sites\\/trilhas\\/application\\/..\\/data\\/language\\/","content":"\\/Users\\/abdalacerqueira\\/Sites\\/trilhas\\/application\\/..\\/data\\/language\\/","locale":"pt_BR","optons":{"scan":"directory"}}', 1),
(27, 1, 'mail_vector', '-forgot-', 0),
(28, 1, 'tri_roles', '["student","teacher","coordinator","institution"]', 0),
(29, 1, 'tri_plugins', '{"1":"exercise","2":"content","4":"faq","5":"activity","6":"file","8":"glossary","9":"notepad","11":"panel","12":"forum","13":"chat","14":"message","15":"calendar","16":"page","17":"selection-process"}', 0),
(30, 1, 'tri_dashboard_menu', '{"calendar":"calendar.index.index"}', 0),
(31, 1, 'tri_admin_menu', '{"general":{"course":"admin.course.index","classroom":"admin.classroom.index","access":"admin.acl.index","plugin":"admin.plugin.index","user":"admin.user.index"},"page":{"page":"page.index.index"},"appearance":{"theme":"admin.theme.index","options":"theme.index.index"},"selection-process":{"processes":"selection-process.index.index"}}', 0),
(32, 1, 'tri_course_highlight', '140', 0),
(33, 1, 'tri_logo', 'logo.png', 0),
(34, 1, 'tri_title', 'Trilhas Abertas', 0);

INSERT INTO `user` (`id`,`name`,`sex`,`born`,`email`,`password`,`role`,`description`,`image`,`created`,`status`)
VALUES
	(2,'Institution','M','1987-12-04','institution@institution.com','202cb962ac59075b964b07152d234b70','institution','','','2010-09-21 12:51:00','active'),
	(3,'Student','M','1987-12-04','student@student.com','202cb962ac59075b964b07152d234b70','student','','','2010-09-27 20:30:04','active'),
	(4,'Teacher','M','1987-12-04','teacher@teacher.com','202cb962ac59075b964b07152d234b70','teacher','','','2010-09-28 14:08:34','active'),
	(5,'Coordinator','M','1987-12-04','coordinator@coordinator.com','202cb962ac59075b964b07152d234b70','coordinator','','','2010-09-28 14:08:34','active');

INSERT INTO `course` (`id`,`user_id`,`responsible`,`name`,`description`,`hours`,`image`,`category`,`status`,`created`)
VALUES
	(4,2,4,'Primeiro','Lorem Ipsum is simply dummy text of the printing and typesetting industry. \r\n\r\nLorem Ipsum has been the industry\'s standard dummy text ever since the 1500s, when an unknown printer took a galley of type and scrambled it to make a type specimen book. \r\n\r\nIt has survived not only five centuries, but also the leap into electronic typesetting, remaining essentially unchanged. It was popularised in the 1960s with the release of Letraset sheets containing Lorem Ipsum passages, and more recently with desktop publishing software like Aldus PageMaker including versions of Lorem Ipsum.',0,'','um','active','2010-09-21 13:09:42'),
	(5,2,2,'Segundo','Contrary to popular belief, Lorem Ipsum is not simply random text. It has roots in a piece of classical Latin literature from 45 BC, making it over 2000 years old. Richard McClintock, a Latin professor at Hampden-Sydney College in Virginia, looked up one of the more obscure Latin words, consectetur, from a Lorem Ipsum passage, and going through the cites of the word in classical literature, discovered the undoubtable source. Lorem Ipsum comes from sections 1.10.32 and 1.10.33 of \"de Finibus Bonorum et Malorum\" (The Extremes of Good and Evil) by Cicero, written in 45 BC. ',0,NULL,'','active','2010-09-27 19:47:44'),
	(6,2,2,'Terceiro','It is a long established fact that a reader will be distracted by the readable content of a page when looking at its layout. The point of using Lorem Ipsum is that it has a more-or-less normal distribution of letters, as opposed to using \'Content here, content here\', making it look like readable English. Many desktop publishing packages and web page editors now use Lorem Ipsum as their default model text, and a search for \'lorem ipsum\' will uncover many web sites still in their infancy. Various versions have evolved over the years, sometimes by accident, sometimes on purpose (injected humour and the like).\r\n\r\nThere are many variations of passages of Lorem Ipsum available, but the majority have suffered alteration in some form, by injected humour, or randomised words which don\'t look even slightly believable. If you are going to use a passage of Lorem Ipsum, you need to be sure there isn\'t anything embarrassing hidden in the middle of text. All the Lorem Ipsum generators on the Internet tend to repeat predefined chunks as necessary, making this the first true generator on the Internet. It uses a dictionary of over 200 Latin words, combined with a handful of model sentence structures, to generate Lorem Ipsum which looks reasonable. The generated Lorem Ipsum is therefore always free from repetition, injected humour, or non-characteristic words etc.',0,'','','active','2010-09-27 22:42:37');

INSERT INTO `classroom` (`id`,`course_id`,`responsible`,`name`,`begin`,`end`,`max_student`,`amount`,`status`)
VALUES
	(3,4,4,'Open Primeiro','2010-09-29',NULL,40,NULL,'active'),
	(4,5,2,'Open Segundo','2010-09-27',NULL,NULL,NULL,'active'),
	(5,6,NULL,'Open Terceiro','2010-09-27',NULL,NULL,NULL,'active');

INSERT INTO `classroom_user` (`user_id`,`classroom_id`,`updated`,`status`)
VALUES
	(2,5,'2010-12-03 15:37:47','registered'),
	(2,3,'2010-12-03 17:23:41','registered'),
	(3,5,'2010-12-03 17:05:50','registered');

INSERT INTO `content` (`id`,`course_id`,`content_id`,`title`,`description`,`position`)
VALUES
	(1,4,NULL,'Introdução','<p>\n	It is a long <strong><em>established</em></strong> fact that a reader will be <strong>distracted</strong> by the readable content of a page when looking at its layout. The point of using Lorem Ipsum is that it has a more-or-less normal distribution of letters, as opposed to using &#39;Content here, content here&#39;, making it look like readable English. Many desktop <span style=\"background-color: rgb(255, 255, 0);\">publishing</span> packages and web page editors now use Lorem Ipsum as their default model text, and a search for &#39;lorem ipsum&#39; will uncover many web sites still in their infancy. Various versions have evolved over the years, sometimes by <span style=\"color: rgb(165, 42, 42);\"><em>accident</em></span>, sometimes on purpose (injected humour and the like). as df a&#39;sdf alsdfja s dfkadsf</p>\n<p>\n	asdf ;kasd fja sdfjaldjfadsf as df as df a sdf</p>',1),
	(2,4,NULL,'Modulo 1','It is a long established fact that a reader will be distracted by the readable content of a page when looking at its layout. The point of using Lorem Ipsum is that it has a more-or-less normal distribution of letters, as opposed to using \'Content here, content here\', making it look like readable English. Many desktop publishing packages and web page editors now use Lorem Ipsum as their default model text, and a search for \'lorem ipsum\' will uncover many web sites still in their infancy. Various versions have evolved over the years, sometimes by accident, sometimes on purpose (injected humour and the like).\r\n\r\n\r\nIt is a long established fact that a reader will be distracted by the readable content of a page when looking at its layout. The point of using Lorem Ipsum is that it has a more-or-less normal distribution of letters, as opposed to using \'Content here, content here\', making it look like readable English. Many desktop publishing packages and web page editors now use Lorem Ipsum as their default model text, and a search for \'lorem ipsum\' will uncover many web sites still in their infancy. Various versions have evolved over the years, sometimes by accident, sometimes on purpose (injected humour and the like).\r\n',2),
	(3,4,2,'Pagina 1','It is a long established fact that a reader will be distracted by the readable content of a page when looking at its layout. The point of using Lorem Ipsum is that it has a more-or-less normal distribution of letters, as opposed to using \'Content here, content here\', making it look like readable English. Many desktop publishing packages and web page editors now use Lorem Ipsum as their default model text, and a search for \'lorem ipsum\' will uncover many web sites still in their infancy. Various versions have evolved over the years, sometimes by accident, sometimes on purpose (injected humour and the like).\r\n\r\nIt is a long established fact that a reader will be distracted by the readable content of a page when looking at its layout. The point of using Lorem Ipsum is that it has a more-or-less normal distribution of letters, as opposed to using \'Content here, content here\', making it look like readable English. Many desktop publishing packages and web page editors now use Lorem Ipsum as their default model text, and a search for \'lorem ipsum\' will uncover many web sites still in their infancy. Various versions have evolved over the years, sometimes by accident, sometimes on purpose (injected humour and the like).\r\n\r\nIt is a long established fact that a reader will be distracted by the readable content of a page when looking at its layout. The point of using Lorem Ipsum is that it has a more-or-less normal distribution of letters, as opposed to using \'Content here, content here\', making it look like readable English. Many desktop publishing packages and web page editors now use Lorem Ipsum as their default model text, and a search for \'lorem ipsum\' will uncover many web sites still in their infancy. Various versions have evolved over the years, sometimes by accident, sometimes on purpose (injected humour and the like).',1),
	(4,6,NULL,'Introdução','Bem vindo ao curso!',0),
	(5,5,NULL,'Introdução','Bem vindo ao curso!',0);